label,conductivity,ECW,density,melting_point,viscosity,formula,T_conductivity,T_density,T_viscosity,cation,anion,conductivity_norm,viscosity_norm,density_norm,cation_type,anion_type
1-Decyl-3-methylimidazolium bis(trifluoromethylsulfonyl)imide,0.76,4.6,1.27,<RT,113.0,C16H27F6N3O4S2,24.0,30.0,25.0,1-Decyl-3-methylimidazolium,bis(trifluoromethylsulfonyl)imide,0.7916666666666667,112.99999999999999,1.0583333333333333,imidazolium,imid
1-Ethyl-3-methylimidazolium tetrafluoroborate,14.1,3.6,1.28,15,33.8,C6H11BF4N2,25.0,25.0,25.0,1-Ethyl-3-methylimidazolium,tetrafluoroborate,14.099999999999998,33.8,1.28,imidazolium,tetrafluoroborate
1-Ethyl-3-methylpyridinium bis(trifluoromethylsulfonyl)imide,7.47,,1.48,<RT,36.6,C10H12F6N2O4S2,30.0,26.0,25.0,1-Ethyl-3-methylpyridinium,bis(trifluoromethylsulfonyl)imide,6.225,36.6,1.4230769230769231,pyridinium,imid
1-Ethylpyridinium bromide,,,,120,,C7H10BrN,25.0,25.0,25.0,1-Ethylpyridinium,bromide,,,,pyridinium,bromide
1-Hexyl-3-methylimidazolium triflate,1.61,,1.24,<RT,135.0,C11H19F3N2O3S,24.0,29.0,25.0,1-Hexyl-3-methylimidazolium,triflate,1.6770833333333335,135.0,1.0689655172413792,imidazolium,triflate
"1,2-Dimethyl-3-propylimidazolium bis(trifluoromethylsulfonyl)imide",1.95,4.6,1.45,<RT,91.9,C10H15F6N3O4S2,25.0,25.0,25.0,"1,2-Dimethyl-3-propylimidazolium",bis(trifluoromethylsulfonyl)imide,1.95,91.9,1.45,imidazolium,imid
"1,2-Dimethyl-3-propylimidazolium bromide",,,,120,,C8H15BrN2,25.0,25.0,25.0,"1,2-Dimethyl-3-propylimidazolium",bromide,,,,imidazolium,bromide
"1,2-Dimethylimidazolium  chloride",,,,>RT,,C5H9ClN2,25.0,25.0,25.0,"1,2-Dimethylimidazolium",chloride,,,,imidazolium,chloride
"1,2-Dimethylimidazolium bis(trifluoromethylsulfonyl)imide",1.08,,,<RT,106.0,C7H9F6N3O4S2,25.0,25.0,25.0,"1,2-Dimethylimidazolium",bis(trifluoromethylsulfonyl)imide,1.08,106.0,,imidazolium,imid
"1,3-Didecyl-2-methylimidazolium chloride",,,,160??C,,C24H47ClN2,25.0,25.0,25.0,"1,3-Didecyl-2-methylimidazolium",chloride,,,,imidazolium,chloride
"1,3-Diethylimidazolium  hexafluorophosphate",,,,>RT,,C7H13F6N2P,25.0,25.0,25.0,"1,3-Diethylimidazolium",hexafluorophosphate,,,,imidazolium,phosph
"1,3-Diethylimidazolium bis(trifluoromethylsulfonyl)imide",8.24,4.8,1.48,14,27.9,C9H13F6N3O4S2,30.0,22.0,25.0,"1,3-Diethylimidazolium",bis(trifluoromethylsulfonyl)imide,6.866666666666667,27.9,1.6818181818181819,imidazolium,imid
"1,3-Diethylimidazolium bromide",,,,>RT,,C7H13BrN2,25.0,25.0,25.0,"1,3-Diethylimidazolium",bromide,,,,imidazolium,bromide
"1,3-Diethylimidazolium diethyl phosphate",0.97,,1.12,<RT,280.0,C11H23N2O4P,30.0,24.0,25.0,"1,3-Diethylimidazolium",diethyl phosphate,0.8083333333333333,280.0,1.1666666666666667,imidazolium,phosph
"1,3-Diethylimidazolium ethyl sulfate",,,1.21,<RT,94.2,C9H18N2O4S,25.0,22.0,25.0,"1,3-Diethylimidazolium",ethyl sulfate,,94.2,1.375,imidazolium,sulfate
"1,3-Dimethylimidazolium bis(trifluoromethylsulfonyl)imide",9.36,3.2,1.57,<RT,37.1,C7H9F6N3O4S2,30.0,22.0,25.0,"1,3-Dimethylimidazolium",bis(trifluoromethylsulfonyl)imide,7.8,37.1,1.7840909090909092,imidazolium,imid
"1,3-Dimethylimidazolium dimethyl phosphate",0.84,2.5,1.15,<RT	,437.0,C7H15N2O4P,30.0,24.0,25.0,"1,3-Dimethylimidazolium",dimethyl phosphate,0.7000000000000001,437.0,1.1979166666666665,imidazolium,phosph
"1,3-Dimethylimidazolium methyl sulfate",4.02,,1.32,<RT,70.0,C6H12N2O4S,30.0,26.0,25.0,"1,3-Dimethylimidazolium",methyl sulfate,3.3499999999999996,70.0,1.2692307692307694,imidazolium,sulfate
1-(2-Hydroxyethyl)-3-methylimidazolium bis(trifluoromethylsulfonyl)imide,1.68,,,<RT,81.6,C8H11F6N3O5S2,25.0,25.0,25.0,1-(2-Hydroxyethyl)-3-methylimidazolium,bis(trifluoromethylsulfonyl)imide,1.68,81.6,,imidazolium,imid
1-(2-Hydroxyethyl)-3-methylimidazolium chloride,,,,83,,C6H11ClN2O,25.0,25.0,25.0,1-(2-Hydroxyethyl)-3-methylimidazolium,chloride,,,,imidazolium,chloride
1-(2-Hydroxyethyl)-3-methylimidazolium tetrafluoroborate,3.42,,1.34,<RT,137.0,C6H11BF4N2O,20.0,22.0,20.0,1-(2-Hydroxyethyl)-3-methylimidazolium,tetrafluoroborate,4.2749999999999995,171.25,1.522727272727273,imidazolium,tetrafluoroborate
1-(2-Methoxyethyl)-3-methylimidazolium bis(trifluoromethylsulfonyl)imide,4.81,,,<RT,46.9,C9H13F6N3O5S2,30.0,25.0,25.0,1-(2-Methoxyethyl)-3-methylimidazolium,bis(trifluoromethylsulfonyl)imide,4.008333333333333,46.9,,imidazolium,imid
1-Allyl-3-methylimidazolium chloride,,,,47,,C7H11N2Cl,25.0,25.0,25.0,1-Allyl-3-methylimidazolium,chloride,,,,imidazolium,chloride
1-Allyl-3-methylimidazolium dicyanamide,17.0,,1.11,<RT,17.6,C9H11N5,30.0,24.0,25.0,1-Allyl-3-methylimidazolium,dicyanamide,14.166666666666666,17.6,1.1562500000000002,imidazolium,dicyanamide
1-Benzyl-3-methylimidazolium bis(trifluoromethylsulfonyl)imide,1.77,4.5,1.49,<RT,153.0,C13H13F6N3O4S2,30.0,25.0,25.0,1-Benzyl-3-methylimidazolium,bis(trifluoromethylsulfonyl)imide,1.475,153.0,1.49,imidazolium,imid
1-Benzyl-3-methylimidazolium chloride,,,,75,,C11H13ClN2,25.0,25.0,25.0,1-Benzyl-3-methylimidazolium,chloride,,,,imidazolium,chloride
1-Benzyl-3-methylimidazolium dicyanamide,2.95,,1.16,<RT,78.5,C13H13N5,30.0,24.0,25.0,1-Benzyl-3-methylimidazolium,dicyanamide,2.4583333333333335,78.5,1.2083333333333333,imidazolium,dicyanamide
1-Benzyl-3-methylimidazolium hexafluorophosphate,,,,135,,??C11H13F6N2P,25.0,25.0,25.0,1-Benzyl-3-methylimidazolium,hexafluorophosphate,,,,imidazolium,phosph
1-Benzyl-3-methylimidazolium tetrafluoroborate,,,,78,,C11H13BF4N2,25.0,25.0,25.0,1-Benzyl-3-methylimidazolium,tetrafluoroborate,,,,imidazolium,tetrafluoroborate
1-Butyl-1-methylpiperidinium bis(trifluoromethylsulfonyl)imide,0.84,3.7,1.38,<RT,173.0,C12H22F6N2O4S2,25.0,23.0,25.0,1-Butyl-1-methylpiperidinium,bis(trifluoromethylsulfonyl)imide,0.84,173.0,1.5,piperidinium,imid
1-Butyl-1-methylpiperidinium bromide,,,,231,,C10H22BrN,25.0,25.0,25.0,1-Butyl-1-methylpiperidinium,bromide,,,,piperidinium,bromide
1-Butyl-1-methylpiperidinium chloride,,,,>230,,C10H22ClN,25.0,25.0,25.0,1-Butyl-1-methylpiperidinium,chloride,,,,piperidinium,chloride
1-Butyl-1-methylpiperidinium hexafluorophosphate,,,,81,,C10H22F6NP,25.0,25.0,25.0,1-Butyl-1-methylpiperidinium,hexafluorophosphate,,,,piperidinium,phosph
1-Butyl-1-methylpiperidinium tetrafluoroborate,,,,149,,C10H22BF4N,25.0,25.0,25.0,1-Butyl-1-methylpiperidinium,tetrafluoroborate,,,,piperidinium,tetrafluoroborate
1-Butyl-1-methylpiperidinium triflate,,,,38,,C11H22F3NO3S,25.0,25.0,25.0,1-Butyl-1-methylpiperidinium,triflate,,,,piperidinium,triflate
"1-Butyl-1-methylpyrrolidinium 1,1,2,2-tetrafluoroethanesulfonate",,,,40,,C11H21F4NO3S,25.0,25.0,25.0,1-Butyl-1-methylpyrrolidinium,"1,1,2,2-tetrafluoroethanesulfonate",,,,pyrrolidinium,sulfonate
1-Butyl-1-methylpyrrolidinium bis(trifluoromethylsulfonyl)imide,2.12,5.5,1.4,-18,94.4,C11H20F6N2O4S2,25.0,25.0,25.0,1-Butyl-1-methylpyrrolidinium,bis(trifluoromethylsulfonyl)imide,2.12,94.4,1.4,pyrrolidinium,imid
1-Butyl-1-methylpyrrolidinium bromide,,,,216,,C9H20BrN,25.0,25.0,25.0,1-Butyl-1-methylpyrrolidinium,bromide,,,,pyrrolidinium,bromide
1-Butyl-1-methylpyrrolidinium chloride,,,,198,,C9 H20 ClN,25.0,25.0,25.0,1-Butyl-1-methylpyrrolidinium,chloride,,,,pyrrolidinium,chloride
1-Butyl-1-methylpyrrolidinium dicyanamide,10.8,3.5,1.02,<RT,35.2,C11H20N4,30.0,20.0,25.0,1-Butyl-1-methylpyrrolidinium,dicyanamide,9.000000000000002,35.2,1.2750000000000001,pyrrolidinium,dicyanamide
1-Butyl-1-methylpyrrolidinium hexafluorophosphate,,,,87,,C9H20F6NP,25.0,25.0,25.0,1-Butyl-1-methylpyrrolidinium,hexafluorophosphate,,,,pyrrolidinium,phosph
1-Butyl-1-methylpyrrolidinium tetrafluoroborate,,,,155,,C9H20BF4N,25.0,25.0,25.0,1-Butyl-1-methylpyrrolidinium,tetrafluoroborate,,,,pyrrolidinium,tetrafluoroborate
1-Butyl-1-methylpyrrolidinium tricyanomethanide,7.74,4.2,1.006,<RT,26.9,C13H20N4,30.0,22.0,25.0,1-Butyl-1-methylpyrrolidinium,tricyanomethanide,6.45,26.899999999999995,1.143181818181818,pyrrolidinium,tricyanomethanide
1-Butyl-1-methylpyrrolidinium triflate,1.85,4.2,1.26,<RT,148.0,C10H20F3NO3S,24.0,27.0,25.0,1-Butyl-1-methylpyrrolidinium,triflate,1.9270833333333335,148.0,1.1666666666666667,pyrrolidinium,triflate
"1-Butyl-2,3-dimethylimidazolium bis(trifluoromethylsulfonyl)imide",1.96,4.6,1.42,<RT,98.0,C11H17F6 N3O4S2,25.0,25.0,25.0,"1-Butyl-2,3-dimethylimidazolium",bis(trifluoromethylsulfonyl)imide,1.96,98.0,1.42,imidazolium,imid
"1-Butyl-2,3-dimethylimidazolium hexafluorophosphate",0.76,,,43,554.0,C9H17F6N2P,45.0,25.0,45.0,"1-Butyl-2,3-dimethylimidazolium",hexafluorophosphate,0.4222222222222223,307.77777777777777,,imidazolium,phosph
"1-Butyl-2,3-dimethylimidazolium tetrafluoroborate",2.16,,,36,172.0,C9H17BF4N2,45.0,25.0,45.0,"1-Butyl-2,3-dimethylimidazolium",tetrafluoroborate,1.2,95.55555555555556,,imidazolium,tetrafluoroborate
"1-Butyl-2,3-dimethylimidazolium triflate",,,,40,,C10H17F3N2O3S,25.0,25.0,25.0,"1-Butyl-2,3-dimethylimidazolium",triflate,,,,imidazolium,triflate
1-Butyl-2-methylpyridinium bis(trifluoromethylsulfonyl)imide,1.03,4.2,1.43,<RT,91.5,C12H16F6N2O4S2,25.0,21.0,25.0,1-Butyl-2-methylpyridinium,bis(trifluoromethylsulfonyl)imide,1.03,91.5,1.7023809523809526,pyridinium,imid
1-Butyl-2-methylpyridinium bromide,,,,152,,C10H16BrN,25.0,25.0,25.0,1-Butyl-2-methylpyridinium,bromide,,,,pyridinium,bromide
1-Butyl-2-methylpyridinium chloride,,,,147,,C10H16ClN,25.0,25.0,25.0,1-Butyl-2-methylpyridinium,chloride,,,,pyridinium,chloride
1-Butyl-2-methylpyridinium hexafluorophosphate,,,,52-53,,C10H16F6NP,25.0,25.0,25.0,1-Butyl-2-methylpyridinium,hexafluorophosphate,,,,pyridinium,phosph
1-Butyl-2-methylpyridinium tetrafluoroborate,1.83,,1.2,<RT,258.0,C10H16BF4N,23.0,25.0,20.0,1-Butyl-2-methylpyridinium,tetrafluoroborate,1.9891304347826089,322.5,1.2,pyridinium,tetrafluoroborate
1-Butyl-2-methylpyridinium triflate,1.47,,1.3,<RT,240.0,C11H16F3NO3S,30.0,26.0,25.0,1-Butyl-2-methylpyridinium,triflate,1.225,240.0,1.25,pyridinium,triflate
1-Butyl-3-ethylimidazolium  tetrafluoroborate,,,,<RT,,C9H17BF4N2,25.0,25.0,25.0,1-Butyl-3-ethylimidazolium,tetrafluoroborate,,,,imidazolium,tetrafluoroborate
1-Butyl-3-ethylimidazolium bis(trifluoromethylsulfonyl)imide,,,,<RT,,C11H17F6N3O4S2,25.0,25.0,25.0,1-Butyl-3-ethylimidazolium,bis(trifluoromethylsulfonyl)imide,,,,imidazolium,imid
1-Butyl-3-ethylimidazolium bromide,,,,<RT,,C9H17BrN2,25.0,25.0,25.0,1-Butyl-3-ethylimidazolium,bromide,,,,imidazolium,bromide
1-Butyl-3-ethylimidazolium hexafluorophosphate,,,,<RT,,C9H17F6N2P,25.0,25.0,25.0,1-Butyl-3-ethylimidazolium,hexafluorophosphate,,,,imidazolium,phosph
1-Butyl-3-methylimidazolium   dibutylphosphate,,,,<RT,1539.0,C16H33N2O4P,25.0,25.0,25.0,1-Butyl-3-methylimidazolium,dibutylphosphate,,1539.0,,imidazolium,phosph
1-Butyl-3-methylimidazolium  dimethyl phosphate,0.56,,1.16,<RT,534.0,C10H21N2O4P,30.0,20.0,25.0,1-Butyl-3-methylimidazolium,dimethyl phosphate,0.46666666666666673,534.0,1.45,imidazolium,phosph
1-Butyl-3-methylimidazolium acetate,1.44,,,<RT,208.0,C10H18N2O2,30.0,25.0,25.0,1-Butyl-3-methylimidazolium,acetate,1.2,208.0,,imidazolium,acetate
1-Butyl-3-methylimidazolium bis(fluorosulfonyl)imide,,,,<RT,,C8H15F2N3O4S2,25.0,25.0,25.0,1-Butyl-3-methylimidazolium,bis(fluorosulfonyl)imide,,,,imidazolium,imid
1-Butyl-3-methylimidazolium bis(pentafluoroethylsulfonyl)imide,,,,<RT,,C12H15F10N3O4S2,25.0,25.0,25.0,1-Butyl-3-methylimidazolium,bis(pentafluoroethylsulfonyl)imide,,,,imidazolium,imid
1-Butyl-3-methylimidazolium bis(trifluoromethylsulfonyl)imide,3.41,4.62,1.44,-4,48.8,C10H15F6N3O4S2,25.0,25.0,25.0,1-Butyl-3-methylimidazolium,bis(trifluoromethylsulfonyl)imide,3.4099999999999997,48.8,1.44,imidazolium,imid
1-Butyl-3-methylimidazolium bromide,,,,81,,C8H15BrN2,25.0,25.0,25.0,1-Butyl-3-methylimidazolium,bromide,,,,imidazolium,bromide
1-Butyl-3-methylimidazolium chloride,,,,65,,C8H15ClN2,25.0,25.0,25.0,1-Butyl-3-methylimidazolium,chloride,,,,imidazolium,chloride
1-Butyl-3-methylimidazolium dicyanamide,9.54,,1.06,<RT,33.4,C10H15N5,25.0,25.0,25.0,1-Butyl-3-methylimidazolium,dicyanamide,9.54,33.4,1.06,imidazolium,dicyanamide
1-Butyl-3-methylimidazolium hydrogensulfate,,,1.28,<RT,3088.0,C8H16N2O4S,25.0,25.0,25.0,1-Butyl-3-methylimidazolium,hydrogensulfate,,3088.0,1.28,imidazolium,sulfate
1-Butyl-3-methylimidazolium methanesulfonate,,,,73,,C9H18N2O3S,25.0,25.0,25.0,1-Butyl-3-methylimidazolium,methanesulfonate,,,,imidazolium,sulfonate
1-Butyl-3-methylimidazolium methyl  sulfate,2.2,4.3,1.22,<RT,163.0,C9H18N2O4S,30.0,21.0,25.0,1-Butyl-3-methylimidazolium,methyl sulfate,1.8333333333333333,163.0,1.4523809523809523,imidazolium,sulfate
1-Butyl-3-methylimidazolium nitrate,,,1.16,35,,C8H15N3O3,25.0,25.0,25.0,1-Butyl-3-methylimidazolium,nitrate,,,1.16,imidazolium,nitrate
1-Butyl-3-methylimidazolium tetrafluoroborate,3.15,4.68,1.3,<RT,104.0,C8H15BF4N2,25.0,25.0,25.0,1-Butyl-3-methylimidazolium,tetrafluoroborate,3.15,104.0,1.3,imidazolium,tetrafluoroborate
1-Butyl-3-methylimidazolium thiocyanate,8.98,,1.07,<RT,35.9,C9H15N3S,30.0,30.0,25.0,1-Butyl-3-methylimidazolium,thiocyanate,7.483333333333333,35.9,0.8916666666666666,imidazolium,thiocyanate
1-Butyl-3-methylimidazolium tosylate,,,,40-45,,C15H22N2O3S,25.0,25.0,25.0,1-Butyl-3-methylimidazolium,tosylate,,,,imidazolium,tosylate
1-Butyl-3-methylimidazolium tricyanomethanide,8.83,,,<RT,25.7,C12H15N5,30.0,25.0,25.0,1-Butyl-3-methylimidazolium,tricyanomethanide,7.358333333333333,25.7,,imidazolium,tricyanomethanide
1-Butyl-3-methylimidazolium triflate,3.05,,1.3,16,80.0,C9H15F3N2O3S,25.0,25.0,25.0,1-Butyl-3-methylimidazolium,triflate,3.05,80.0,1.3,imidazolium,triflate
1-Butyl-3-methylimidazolium trifluoroacetate,,,,<RT,,C10H15F3N2O2,25.0,25.0,25.0,1-Butyl-3-methylimidazolium,trifluoroacetate,,,,imidazolium,acetate
1-Butyl-3-methylpyridinium bis(trifluoromethylsulfonyl)imide,2.51,,1.41,<RT,51.8,C12H16F6N2O4S2,25.0,22.0,25.0,1-Butyl-3-methylpyridinium,bis(trifluoromethylsulfonyl)imide,2.51,51.800000000000004,1.602272727272727,pyridinium,imid
1-Butyl-3-methylpyridinium bromide,,,,79,,C10H16BrN,25.0,25.0,25.0,1-Butyl-3-methylpyridinium,bromide,,,,pyridinium,bromide
1-Butyl-3-methylpyridinium chloride,,,,112,,C10H16ClN,25.0,25.0,25.0,1-Butyl-3-methylpyridinium,chloride,,,,pyridinium,chloride
1-Butyl-3-methylpyridinium hexafluorophosphate,,,,52,,C10H16F6NP,25.0,25.0,25.0,1-Butyl-3-methylpyridinium,hexafluorophosphate,,,,pyridinium,phosph
1-Butyl-3-methylpyridinium tetrafluoroborate,1.41,3.7,1.18,<RT,176.0,C10H16BF4N,23.0,25.0,25.0,1-Butyl-3-methylpyridinium,tetrafluoroborate,1.5326086956521738,176.0,1.18,pyridinium,tetrafluoroborate
1-Butyl-3-methylpyridinium triflate,2.35,,1.28,<RT,117.0,C11H16F3NO3S,30.0,25.0,25.0,1-Butyl-3-methylpyridinium,triflate,1.9583333333333335,117.0,1.28,pyridinium,triflate
1-Butyl-3-vinylimidazolium bis(trifluoromethylsulfonyl)imide,1.41,,1.42,<RT,77.4,C11H15F6N3O4S2,25.0,25.0,25.0,1-Butyl-3-vinylimidazolium,bis(trifluoromethylsulfonyl)imide,1.41,77.4,1.42,imidazolium,imid
1-Butyl-3-vinylimidazolium bromide,,,,>RT,,C9H15BrN2,25.0,25.0,25.0,1-Butyl-3-vinylimidazolium,bromide,,,,imidazolium,bromide
1-Butyl-4-methylpyridinium bis(trifluoromethylsulfonyl)imide,4.32,4.2,1.41,10,53.8,C12H16F6N2O4S2,30.0,22.0,25.0,1-Butyl-4-methylpyridinium,bis(trifluoromethylsulfonyl)imide,3.6000000000000005,53.79999999999999,1.602272727272727,pyridinium,imid
1-Butyl-4-methylpyridinium bromide,,,,118,,C10H16BrN,25.0,25.0,25.0,1-Butyl-4-methylpyridinium,bromide,,,,pyridinium,bromide
1-Butyl-4-methylpyridinium chloride,,,,162,,C10H16ClN,25.0,25.0,25.0,1-Butyl-4-methylpyridinium,chloride,,,,pyridinium,chloride
1-Butyl-4-methylpyridinium hexafluorophosphate,,,,45-50,,C10H16F6NP,25.0,25.0,25.0,1-Butyl-4-methylpyridinium,hexafluorophosphate,,,,pyridinium,phosph
1-Butyl-4-methylpyridinium tetrafluoroborate,3.18,,1.18,<RT,342.0,C10H16BF4N,30.0,22.0,20.0,1-Butyl-4-methylpyridinium,tetrafluoroborate,2.6500000000000004,427.50000000000006,1.3409090909090908,pyridinium,tetrafluoroborate
1-Butyl-4-methylpyridinium tricyanomethanide,6.99,,,<RT,32.5,C14H16N4,30.0,25.0,25.0,1-Butyl-4-methylpyridinium,tricyanomethanide,5.825,32.5,,pyridinium,tricyanomethanide
1-Butyl-4-methylpyridinium triflate,2.41,,1.23,<RT,136.0,C11H16F3NO3S,30.0,26.0,25.0,1-Butyl-4-methylpyridinium,triflate,2.0083333333333333,136.0,1.1826923076923077,pyridinium,triflate
1-Butylpyridinium bis(trifluoromethylsulfonyl)imide,1.54,4.2,1.45,<RT,59.0,C11H14F6N2O4S2,25.0,23.0,25.0,1-Butylpyridinium,bis(trifluoromethylsulfonyl)imide,1.54,59.0,1.576086956521739,pyridinium,imid
1-Butylpyridinium bromide,,,,98,,C9H14BrN,25.0,25.0,25.0,1-Butylpyridinium,bromide,,,,pyridinium,bromide
1-Butylpyridinium chloride,,,,131,,C9H14ClN,25.0,25.0,25.0,1-Butylpyridinium,chloride,,,,pyridinium,chloride
1-Butylpyridinium hexafluorophosphate,,,,75-80,,C9H14F6NP,25.0,25.0,25.0,1-Butylpyridinium,hexafluorophosphate,,,,pyridinium,phosph
1-Butylpyridinium tetrafluoroborate,1.94,,1.23,<RT,203.0,C9H14BF4N,23.0,22.0,20.0,1-Butylpyridinium,tetrafluoroborate,2.108695652173913,253.75,1.3977272727272727,pyridinium,tetrafluoroborate
1-Decyl-3-methylimidazolium bromide,0.07,,1.13,<RT,18020.0,C14H27BrN2,25.0,25.0,18.0,1-Decyl-3-methylimidazolium,bromide,0.07,25027.777777777777,1.13,imidazolium,bromide
1-Decyl-3-methylimidazolium chloride,0.02,,0.99,>25??C,8570.0,C14H27ClN2,30.0,25.0,35.0,1-Decyl-3-methylimidazolium,chloride,0.016666666666666666,6121.428571428572,0.9899999999999999,imidazolium,chloride
1-Decyl-3-methylimidazolium hexafluorophosphate,,,,30-35,,C14H27F6N2P,25.0,25.0,25.0,1-Decyl-3-methylimidazolium,hexafluorophosphate,,,,imidazolium,phosph
1-Decyl-3-methylimidazolium tetrafluoroborate,,,1.07,-4,721.0,C14H27BF4N2,25.0,20.0,18.0,1-Decyl-3-methylimidazolium,tetrafluoroborate,,1001.3888888888889,1.3375000000000001,imidazolium,tetrafluoroborate
1-Decyl-3-methylimidazolium triflate,0.41,,1.15,<RT,298.0,C15H27F3N2O3S,24.0,26.0,25.0,1-Decyl-3-methylimidazolium,triflate,0.4270833333333333,298.0,1.1057692307692306,imidazolium,triflate
1-Dodecyl-3-methylimidazolium bis(trifluoromethylsulfonyl)imide,0.82,,1.25,<RT,136.0,C18H31F6N3O4S2,30.0,22.0,25.0,1-Dodecyl-3-methylimidazolium,bis(trifluoromethylsulfonyl)imide,0.6833333333333332,136.0,1.4204545454545454,imidazolium,imid
1-Dodecyl-3-methylimidazolium bromide,,,,112,,C16H31BrN2,25.0,25.0,25.0,1-Dodecyl-3-methylimidazolium,bromide,,,,imidazolium,bromide
1-Dodecyl-3-methylimidazolium chloride,,,,150,,C16H31ClN2,25.0,25.0,25.0,1-Dodecyl-3-methylimidazolium,chloride,,,,imidazolium,chloride
1-Dodecyl-3-methylimidazolium hexafluorophosphate,,,,60,,C16H31F6N2P,25.0,25.0,25.0,1-Dodecyl-3-methylimidazolium,hexafluorophosphate,,,,imidazolium,phosph
1-Dodecyl-3-methylimidazolium tetrafluoroborate,,,,26,,C16H31BF4N2,25.0,25.0,25.0,1-Dodecyl-3-methylimidazolium,tetrafluoroborate,,,,imidazolium,tetrafluoroborate
1-Dodecyl-3-methylimidazolium triflate,,,,47,,C17H31F3N2O3S,25.0,25.0,25.0,1-Dodecyl-3-methylimidazolium,triflate,,,,imidazolium,triflate
1-Ethyl-1-methylpyrrolidinium bis(trifluoromethylsulfonyl)imide,,,,91,,C9H16F6N2O4S2,25.0,25.0,25.0,1-Ethyl-1-methylpyrrolidinium,bis(trifluoromethylsulfonyl)imide,,,,pyrrolidinium,imid
1-Ethyl-1-methylpyrrolidinium bromide,,,,>260,,C9H16BrN,25.0,25.0,25.0,1-Ethyl-1-methylpyrrolidinium,bromide,,,,pyrrolidinium,bromide
1-Ethyl-1-methylpyrrolidinium hexafluorophosphate,,,,>270,,C7H16F6NP,25.0,25.0,25.0,1-Ethyl-1-methylpyrrolidinium,hexafluorophosphate,,,,pyrrolidinium,phosph
1-Ethyl-1-methylpyrrolidinium tetrafluoroborate,,,,292,,C7H16BF4N,25.0,25.0,25.0,1-Ethyl-1-methylpyrrolidinium,tetrafluoroborate,,,,pyrrolidinium,tetrafluoroborate
1-Ethyl-1-methylpyrrolidinium triflate,,,,107,,C8H16F3NO3S,25.0,25.0,25.0,1-Ethyl-1-methylpyrrolidinium,triflate,,,,pyrrolidinium,triflate
"1-Ethyl-2,3-dimethylimidazolium bis(trifluoromethylsulfonyl)imide",3.18,4.4,1.49,25,68.5,C9H13F6N3O4S2,20.0,25.0,25.0,"1-Ethyl-2,3-dimethylimidazolium",bis(trifluoromethylsulfonyl)imide,3.975,68.5,1.49,imidazolium,imid
"1-Ethyl-2,3-dimethylimidazolium bromide",,,,140,,C7H13BrN2,25.0,25.0,25.0,"1-Ethyl-2,3-dimethylimidazolium",bromide,,,,imidazolium,bromide
"1-Ethyl-2,3-dimethylimidazolium hexafluorophosphate",,,,79,,C7H13F6N2P,25.0,25.0,25.0,"1-Ethyl-2,3-dimethylimidazolium",hexafluorophosphate,,,,imidazolium,phosph
"1-Ethyl-2,3-dimethylimidazolium tetrafluoroborate",,,,104,,C7H13BF4N2,25.0,25.0,25.0,"1-Ethyl-2,3-dimethylimidazolium",tetrafluoroborate,,,,imidazolium,tetrafluoroborate
"1-Ethyl-2,3-dimethylimidazolium triflate",,,,105,,C8H13F3N2O3S,25.0,25.0,25.0,"1-Ethyl-2,3-dimethylimidazolium",triflate,,,,imidazolium,triflate
1-Ethyl-2-methylpyridinium  bromide,,,,120,,C8H12BrN,25.0,25.0,25.0,1-Ethyl-2-methylpyridinium,bromide,,,,pyridinium,bromide
1-Ethyl-2-methylpyridinium bis(trifluoromethylsulfonyl)imide,3.71,4.4,1.51,<RT,74.8,C10H12F6N2O4S2,30.0,27.0,25.0,1-Ethyl-2-methylpyridinium,bis(trifluoromethylsulfonyl)imide,3.0916666666666663,74.8,1.3981481481481481,pyridinium,imid
1-Ethyl-3-methylimidazolium   dibutylphosphate,0.25,,,<RT,691.0,C14H29N2O4P,25.0,25.0,25.0,1-Ethyl-3-methylimidazolium,dibutylphosphate,0.25,691.0,,imidazolium,phosph
1-Ethyl-3-methylimidazolium acetate,2.5,3.2,1.1,-45,93.0,C8H14N2O2,25.0,25.0,25.0,1-Ethyl-3-methylimidazolium,acetate,2.5,93.0,1.1,imidazolium,acetate
1-Ethyl-3-methylimidazolium bis(fluorosulfonyl)imide,,,,<RT,,C6H11F2N3O4S2,25.0,25.0,25.0,1-Ethyl-3-methylimidazolium,bis(fluorosulfonyl)imide,,,,imidazolium,imid
1-Ethyl-3-methylimidazolium bis(pentafluoroethylsulfonyl)imide,,,,<RT,,C10H11F10N3O4S2,25.0,25.0,25.0,1-Ethyl-3-methylimidazolium,bis(pentafluoroethylsulfonyl)imide,,,,imidazolium,imid
1-Ethyl-3-methylimidazolium bis(trifluoromethylsulfonyl)imide,6.63,4.7,1.52,-3,39.4,C8H11F6N3O4S2,25.0,25.0,25.0,1-Ethyl-3-methylimidazolium,bis(trifluoromethylsulfonyl)imide,6.63,39.4,1.52,imidazolium,imid
1-Ethyl-3-methylimidazolium bromide,,,,91,,C6H11BrN2,25.0,25.0,25.0,1-Ethyl-3-methylimidazolium,bromide,,,,imidazolium,bromide
1-Ethyl-3-methylimidazolium chloride,,,,87??C,,C6H11ClN2,25.0,25.0,25.0,1-Ethyl-3-methylimidazolium,chloride,,,,imidazolium,chloride
1-Ethyl-3-methylimidazolium dicyanamide,17.7,3.0,1.1,-21,14.6,C8H11N5,25.0,25.0,25.0,1-Ethyl-3-methylimidazolium,dicyanamide,17.7,14.6,1.1,imidazolium,dicyanamide
1-Ethyl-3-methylimidazolium diethyl phosphate,0.84,5.8,,<RT,,C10H21N2O4P,25.0,25.0,25.0,1-Ethyl-3-methylimidazolium,diethyl phosphate,0.84,,,imidazolium,phosph
1-Ethyl-3-methylimidazolium dimethyl phosphate,1.86,,1.22,41,,C9H19N2O3P,30.0,22.0,25.0,1-Ethyl-3-methylimidazolium,dimethyl phosphate,1.5500000000000003,,1.3863636363636362,imidazolium,phosph
1-Ethyl-3-methylimidazolium ethyl sulfate,5.56,4.0,1.24,<RT,94.2,C8H16N2O4S,25.0,25.0,25.0,1-Ethyl-3-methylimidazolium,ethyl sulfate,5.56,94.2,1.24,imidazolium,sulfate
1-Ethyl-3-methylimidazolium hexafluorophosphate,,,,64,,C6H11F6N2P,25.0,25.0,25.0,1-Ethyl-3-methylimidazolium,hexafluorophosphate,,,,imidazolium,phosph
1-Ethyl-3-methylimidazolium hydrogensulfate,0.5,,1.36,<RT,1510.0,C6H12N2O4S,20.0,28.0,25.0,1-Ethyl-3-methylimidazolium,hydrogensulfate,0.625,1510.0,1.2142857142857144,imidazolium,sulfate
1-Ethyl-3-methylimidazolium methanesulfonate,3.69,,1.24,<RT,135.0,C7H14N2O3S,30.0,23.0,25.0,1-Ethyl-3-methylimidazolium,methanesulfonate,3.075,135.0,1.3478260869565217,imidazolium,sulfonate
1-Ethyl-3-methylimidazolium methylsulfate,,,1.28,<RT,64.0,C7H14N2O4S,25.0,26.0,25.0,1-Ethyl-3-methylimidazolium,methyl sulfate,,64.0,1.2307692307692308,imidazolium,sulfate
1-Ethyl-3-methylimidazolium nitrate,,,,38,21.3,C6H11N3O3,25.0,25.0,45.0,1-Ethyl-3-methylimidazolium,nitrate,,11.833333333333334,,imidazolium,nitrate
1-Ethyl-3-methylimidazolium tetrafluoroborate,14.1,3.6,1.28,15,33.8,C6H11BF4N2,25.0,24.0,25.0,1-Ethyl-3-methylimidazolium,tetrafluoroborate,14.099999999999998,33.8,1.3333333333333335,imidazolium,tetrafluoroborate
1-Ethyl-3-methylimidazolium thiocyanate,17.8,,1.12,-6,24.7,C7H11N3S,25.0,25.0,25.0,1-Ethyl-3-methylimidazolium,thiocyanate,17.8,24.7,1.12,imidazolium,thiocyanate
1-Ethyl-3-methylimidazolium tosylate,0.19,,1.23,34,5214.0,C13H18N2O3S,20.0,20.0,20.0,1-Ethyl-3-methylimidazolium,tosylate,0.2375,6517.5,1.5375,imidazolium,tosylate
1-Ethyl-3-methylimidazolium triflate,9.84,3.9,1.39,-9,39.8,C7H11F3N2O3S,25.0,25.0,25.0,1-Ethyl-3-methylimidazolium,triflate,9.84,39.8,1.39,imidazolium,triflate
1-Ethyl-3-methylimidazolium trifluoroacetate,,,1.31,-14,28.7,C8H11F3N2O2,25.0,25.0,25.0,1-Ethyl-3-methylimidazolium,trifluoroacetate,,28.7,1.31,imidazolium,acetate
1-Ethyl-3-methylpyridinium  bromide,,,,>RT	,,C8H12BrN,25.0,25.0,25.0,1-Ethyl-3-methylpyridinium,bromide,,,,pyridinium,bromide
1-Ethyl-3-methylpyridinium perfluorobutanesulfonate,1.52,4.2,1.52,<RT,194.0,C12H12F9NO3S,30.0,23.0,25.0,1-Ethyl-3-methylpyridinium,perfluorobutanesulfonate,1.2666666666666666,194.0,1.652173913043478,pyridinium,sulfonate
1-Ethyl-3-propylimidazolium  hexafluorophosphate,,,,>RT,,C8H15F6N2P,25.0,25.0,25.0,1-Ethyl-3-propylimidazolium,hexafluorophosphate,,,,imidazolium,phosph
1-Ethyl-3-propylimidazolium  tetrafluoroborate,,,,<RT,,C8H15BF4N2,25.0,25.0,25.0,1-Ethyl-3-propylimidazolium,tetrafluoroborate,,,,imidazolium,tetrafluoroborate
1-Ethyl-3-propylimidazolium bis(trifluoromethylsulfonyl)imide,,,,<RT,,C10H15F6N3O4S2,25.0,25.0,25.0,1-Ethyl-3-propylimidazolium,bis(trifluoromethylsulfonyl)imide,,,,imidazolium,imid
1-Ethyl-3-propylimidazolium bromide,,,,>RT,,C8H15BrN2,25.0,25.0,25.0,1-Ethyl-3-propylimidazolium,bromide,,,,imidazolium,bromide
1-Ethyl-3-vinylimidazolium bis(trifluoromethylsulfonyl)imide,2.69,,1.5,<RT,47.0,C9H11F6N3O4S2,25.0,25.0,25.0,1-Ethyl-3-vinylimidazolium,bis(trifluoromethylsulfonyl)imide,2.69,47.0,1.5,imidazolium,imid
1-Ethyl-3-vinylimidazolium bromide,,,,>RT,,C7H11BrN2,25.0,25.0,25.0,1-Ethyl-3-vinylimidazolium,bromide,,,,imidazolium,bromide
1-Ethyl-4-methylpyridinium  bromide,,,,140,,C8H12BrN,25.0,25.0,25.0,1-Ethyl-4-methylpyridinium,bromide,,,,pyridinium,bromide
1-Ethyl-4-methylpyridinium bis(trifluoromethylsulfonyl)imide,3.42,,1.49,<RT,31.8,C10H12F6N2O4S2,25.0,21.0,25.0,1-Ethyl-4-methylpyridinium,bis(trifluoromethylsulfonyl)imide,3.42,31.8,1.7738095238095237,pyridinium,imid
1-Ethylimidazolium  chloride,,,,>RT,,C5H9ClN2,25.0,25.0,25.0,1-Ethylimidazolium,chloride,,,,imidazolium,chloride
1-Ethylimidazolium  triflate,,,,>RT,,C6H9F3N2O3S,25.0,25.0,25.0,1-Ethylimidazolium,triflate,,,,imidazolium,triflate
1-Ethylimidazolium bis(trifluoromethylsulfonyl)imide,4.01,3.4,,<RT,57.2,C7H9F6N3O4S2,30.0,25.0,25.0,1-Ethylimidazolium,bis(trifluoromethylsulfonyl)imide,3.3416666666666663,57.2,,imidazolium,imid
1-Ethylimidazolium bromide,,,,>RT,,C5H9BrN2,25.0,25.0,25.0,1-Ethylimidazolium,bromide,,,,imidazolium,bromide
1-Ethylimidazolium nitrate,,,,<RT,,C5H9N3O3,25.0,25.0,25.0,1-Ethylimidazolium,nitrate,,,,imidazolium,nitrate
1-Ethylpyridinium bis(trifluoromethylsulfonyl)imide,,,,>RT,,C9H10F6N2O4S2,25.0,25.0,25.0,1-Ethylpyridinium,bis(trifluoromethylsulfonyl)imide,,,,pyridinium,imid
1-Ethylpyridinium hexafluorophosphate,,,,106,,C7H10F6NP,25.0,25.0,25.0,1-Ethylpyridinium,hexafluorophosphate,,,,pyridinium,phosph
1-Ethylpyridinium tetrafluoroborate,,,,46,,C7H10BF4N,25.0,25.0,25.0,1-Ethylpyridinium,tetrafluoroborate,,,,pyridinium,tetrafluoroborate
1-Ethylpyridinium triflate,4.34,,1.4,>RT,68.8,C8H10F3NO3S,24.0,24.0,25.0,1-Ethylpyridinium,triflate,4.520833333333333,68.8,1.4583333333333333,pyridinium,triflate
1-Heptyl-3-methylimidazolium bis(trifluoromethylsulfonyl)imide,,,,<RT,,C13H21F6N3O4S2,25.0,25.0,25.0,1-Heptyl-3-methylimidazolium,bis(trifluoromethylsulfonyl)imide,,,,imidazolium,imid
1-Heptyl-3-methylimidazolium bromide,,,,<RT,6680.0,C11H21BrN2,25.0,25.0,25.0,1-Heptyl-3-methylimidazolium,bromide,,6680.0,,imidazolium,bromide
1-Heptyl-3-methylimidazolium hexafluorophosphate,,,,<RT,,C11H21F6N2P,25.0,25.0,25.0,1-Heptyl-3-methylimidazolium,hexafluorophosphate,,,,imidazolium,phosph
1-Heptyl-3-methylimidazolium tetrafluoroborate,,,,<RT,,C11H21BF4N2,25.0,25.0,25.0,1-Heptyl-3-methylimidazolium,tetrafluoroborate,,,,imidazolium,tetrafluoroborate
1-Hexadecyl-3-methylimidazolium bis(trifluoromethylsulfonyl)imide,,,,49,,C22H39F6N3O4S2,25.0,25.0,25.0,1-Hexadecyl-3-methylimidazolium,bis(trifluoromethylsulfonyl)imide,,,,imidazolium,imid
1-Hexadecyl-3-methylimidazolium chloride,,,,210,,C20H39ClN2,25.0,25.0,25.0,1-Hexadecyl-3-methylimidazolium,chloride,,,,imidazolium,chloride
1-Hexadecyl-3-methylimidazolium dicyanamide,,,,>RT,,C22H39N5,25.0,25.0,25.0,1-Hexadecyl-3-methylimidazolium,dicyanamide,,,,imidazolium,dicyanamide
1-Hexadecyl-3-methylimidazolium hexafluorophosphate,,,,125,,C20H39F6N2P,25.0,25.0,25.0,1-Hexadecyl-3-methylimidazolium,hexafluorophosphate,,,,imidazolium,phosph
1-Hexadecyl-3-methylimidazolium tetrafluoroborate,,,,55,,C20H39BF4N2,25.0,25.0,25.0,1-Hexadecyl-3-methylimidazolium,tetrafluoroborate,,,,imidazolium,tetrafluoroborate
1-Hexadecyl-3-methylimidazolium tricyanomethanide,,,,>RT,,C24H39N5,25.0,25.0,25.0,1-Hexadecyl-3-methylimidazolium,tricyanomethanide,,,,imidazolium,tricyanomethanide
1-Hexyl-1-methylpyrrolidinium bis(trifluoromethylsulfonyl)imide,1.48,,1.34,<RT,108.0,C13H24F6N2O4S2,30.0,25.0,25.0,1-Hexyl-1-methylpyrrolidinium,bis(trifluoromethylsulfonyl)imide,1.2333333333333334,108.0,1.34,pyrrolidinium,imid
1-Hexyl-3-methylimidazolium bis(trifluoromethylsulfonyl)imide,2.27,5.3,1.37,<RT,63.2,C12H19F6N3O4S2,30.0,29.0,25.0,1-Hexyl-3-methylimidazolium,bis(trifluoromethylsulfonyl)imide,1.8916666666666668,63.2,1.1810344827586208,imidazolium,imid
1-Hexyl-3-methylimidazolium bromide,,,,<RT,3822.0,C10H19BrN2,25.0,25.0,25.0,1-Hexyl-3-methylimidazolium,bromide,,3822.0,,imidazolium,bromide
1-Hexyl-3-methylimidazolium chloride,0.08,,1.04,<RT,3302.0,C10H19ClN2,25.0,25.0,25.0,1-Hexyl-3-methylimidazolium,chloride,0.08,3302.0000000000005,1.04,imidazolium,chloride
1-Hexyl-3-methylimidazolium hexafluorophosphate,0.8,,1.3,<RT,465.0,C10H19F6N2P,30.0,23.0,25.0,1-Hexyl-3-methylimidazolium,hexafluorophosphate,0.6666666666666667,465.00000000000006,1.4130434782608696,imidazolium,phosph
1-Hexyl-3-methylimidazolium perfluorobutanesulfonate,0.41,,1.39,<RT,376.0,C14H19F9N2O3S,30.0,28.0,25.0,1-Hexyl-3-methylimidazolium,perfluorobutanesulfonate,0.3416666666666666,376.0,1.2410714285714286,imidazolium,sulfonate
1-Hexyl-3-methylimidazolium tetrafluoroborate,1.18,5.1,1.15,<RT,288.0,C10H19BF4N2,20.0,24.0,20.0,1-Hexyl-3-methylimidazolium,tetrafluoroborate,1.4749999999999999,360.0,1.1979166666666665,imidazolium,tetrafluoroborate
"1-Hexyl-3-methylimidazolium tricyanomethanide >98%
",,,1.02,<RT,39.2,C14H19N5,25.0,24.0,25.0,1-Hexyl-3-methylimidazolium,tricyanomethanide,,39.2,1.0625,imidazolium,tricyanomethanide
1-Hexylpyridinium bis(trifluoromethylsulfonyl)imide,2.3,,,<RT,75.3,C13H18F6N2O4S2,30.0,25.0,25.0,1-Hexylpyridinium,bis(trifluoromethylsulfonyl)imide,1.9166666666666665,75.3,,pyridinium,imid
1-Hexylpyridinium bromide,,,,60-70,,C11H18BrN,25.0,25.0,25.0,1-Hexylpyridinium,bromide,,,,pyridinium,bromide
1-Hexylpyridinium chloride,,,,<RT,4322.0,C11H18ClN,25.0,25.0,25.0,1-Hexylpyridinium,chloride,,4322.0,,pyridinium,chloride
1-Hexylpyridinium hexafluorophosphate,,,,50,,C11H18F6NP,25.0,25.0,25.0,1-Hexylpyridinium,hexafluorophosphate,,,,pyridinium,phosph
1-Hexylpyridinium tetrafluoroborate,0.9,,1.16,<RT,460.0,C11H18NBF4,30.0,23.0,18.0,1-Hexylpyridinium,tetrafluoroborate,0.7500000000000001,638.8888888888889,1.2608695652173911,pyridinium,tetrafluoroborate
1-Hexylpyridinium triflate,,,,63,,C12H18F3NO3S,25.0,25.0,25.0,1-Hexylpyridinium,triflate,,,,pyridinium,triflate
1-Methyl-1-octylpyrrolidinium   bis(trifluoromethylsulfonyl)imide,1.27,,1.45,<RT,168.0,C15H28F6N2O4S2,25.0,25.0,25.0,1-Methyl-1-octylpyrrolidinium,bis(trifluoromethylsulfonyl)imide,1.27,168.0,1.45,pyrrolidinium,imid
1-Methyl-1-propylpiperidinium bis(trifluoromethylsulfonyl)imide,2.12,5.9,1.41,<RT,176.0,C11H20F6N2O4S2,30.0,23.0,25.0,1-Methyl-1-propylpiperidinium,bis(trifluoromethylsulfonyl)imide,1.7666666666666668,176.0,1.5326086956521738,piperidinium,imid
1-Methyl-1-propylpiperidinium bromide,,,,247,,C9H20BrN,25.0,25.0,25.0,1-Methyl-1-propylpiperidinium,bromide,,,,piperidinium,bromide
1-Methyl-1-propylpiperidinium chloride,,,,>280,,C9H20ClN,25.0,25.0,25.0,1-Methyl-1-propylpiperidinium,chloride,,,,piperidinium,chloride
1-Methyl-1-propylpiperidinium hexafluorophosphate,,,,98,,C9H20F6NP,25.0,25.0,25.0,1-Methyl-1-propylpiperidinium,hexafluorophosphate,,,,piperidinium,phosph
1-Methyl-1-propylpiperidinium tetrafluoroborate,,,,105,,C9H20BF4N,25.0,25.0,25.0,1-Methyl-1-propylpiperidinium,tetrafluoroborate,,,,piperidinium,tetrafluoroborate
1-Methyl-1-propylpiperidinium triflate,,,,71,,C10H20F3NO3S,25.0,25.0,25.0,1-Methyl-1-propylpiperidinium,triflate,,,,piperidinium,triflate
"1-Methyl-1-propylpyrrolidinium 1,1,2,2-tetrafluoroethanesulfonate",,,,>RT	,,C10H19F4NO3S,25.0,25.0,25.0,1-Methyl-1-propylpyrrolidinium,"1,1,2,2-tetrafluoroethanesulfonate",,,,pyrrolidinium,sulfonate
1-Methyl-1-propylpyrrolidinium bromide,,,,210,,C8H18BrN,25.0,25.0,25.0,1-Methyl-1-propylpyrrolidinium,bromide,,,,pyrrolidinium,bromide
1-Methyl-1-propylpyrrolidinium chloride,,,,>RT,,C8H18ClN,25.0,25.0,25.0,1-Methyl-1-propylpyrrolidinium,chloride,,,,pyrrolidinium,chloride
1-Methyl-1-propylpyrrolidinium dicyanamide,,,,<RT,,C10H18N4,25.0,25.0,25.0,1-Methyl-1-propylpyrrolidinium,dicyanamide,,,,pyrrolidinium,dicyanamide
1-Methyl-1-propylpyrrolidinium hexafluorophosphate,,,,112,,C8H18F6NP,25.0,25.0,25.0,1-Methyl-1-propylpyrrolidinium,hexafluorophosphate,,,,pyrrolidinium,phosph
1-Methyl-1-propylpyrrolidinium tetrafluoroborate,,,,55,,C8H18BF4N,25.0,25.0,25.0,1-Methyl-1-propylpyrrolidinium,tetrafluoroborate,,,,pyrrolidinium,tetrafluoroborate
1-Methyl-1-propylpyrrolidinium triflate,,,,76,,C9H18F3NO3S,25.0,25.0,25.0,1-Methyl-1-propylpyrrolidinium,triflate,,,,pyrrolidinium,triflate
1-Methyl-3-nonylimidazolium bis(trifluoromethylsulfonyl)imide,,,,<RT,,C15H25F6N3O4S2,25.0,25.0,25.0,1-Methyl-3-nonylimidazolium,bis(trifluoromethylsulfonyl)imide,,,,imidazolium,imid
1-Methyl-3-nonylimidazolium bromide,,,,<RT,,C13H25BrN2,25.0,25.0,25.0,1-Methyl-3-nonylimidazolium,bromide,,,,imidazolium,bromide
1-Methyl-3-nonylimidazolium hexafluorophosphate,,,,<RT,,C13H25F6N2P,25.0,25.0,25.0,1-Methyl-3-nonylimidazolium,hexafluorophosphate,,,,imidazolium,phosph
1-Methyl-3-nonylimidazolium tetrafluoroborate,,,,<RT,,C13H25BF4N2,25.0,25.0,25.0,1-Methyl-3-nonylimidazolium,tetrafluoroborate,,,,imidazolium,tetrafluoroborate
1-Methyl-3-octadecylimidazolium bis(trifluoromethylsulfonyl)imide,,,,55-60,,C24H43F6N3O4S2,25.0,25.0,25.0,1-Methyl-3-octadecylimidazolium,bis(trifluoromethylsulfonyl)imide,,,,imidazolium,imid
1-Methyl-3-octadecylimidazolium chloride,,,,210,,C22H43ClN2,25.0,25.0,25.0,1-Methyl-3-octadecylimidazolium,chloride,,,,imidazolium,chloride
1-Methyl-3-octadecylimidazolium hexafluorophosphate,,,,88,,C22H43F6N2P,25.0,25.0,25.0,1-Methyl-3-octadecylimidazolium,hexafluorophosphate,,,,imidazolium,phosph
1-Methyl-3-octadecylimidazolium tetrafluoroborate,,,,65,,C22H43BF4N2,25.0,25.0,25.0,1-Methyl-3-octadecylimidazolium,tetrafluoroborate,,,,imidazolium,tetrafluoroborate
1-Methyl-3-octylimidazolium bis(trifluoromethylsulfonyl)imide,1.6,,1.32,<RT,86.6,C14H23F6N3O4S2,30.0,25.0,25.0,1-Methyl-3-octylimidazolium,bis(trifluoromethylsulfonyl)imide,1.3333333333333335,86.6,1.32,imidazolium,imid
1-Methyl-3-octylimidazolium bromide,0.06,,1.17,<RT,6604.0,C12H23BrN2,30.0,24.0,25.0,1-Methyl-3-octylimidazolium,bromide,0.05,6604.000000000001,1.2187499999999998,imidazolium,bromide
1-Methyl-3-octylimidazolium hexafluorophosphate,0.44,4.5,1.24,<RT,608.0,C12H23F6N2P,25.0,25.0,25.0,1-Methyl-3-octylimidazolium,hexafluorophosphate,0.44,608.0,1.24,imidazolium,phosph
1-Methyl-3-octylimidazolium perfluorobutanesulfonate,0.46,,,35,171.0,C16H23F9N2O3S,40.0,25.0,40.0,1-Methyl-3-octylimidazolium,perfluorobutanesulfonate,0.2875,106.87500000000001,,imidazolium,sulfonate
1-Methyl-3-octylimidazolium tetrafluoroborate,1.27,,1.11,<RT,760.0,C12H23BF4N2,30.0,19.0,20.0,1-Methyl-3-octylimidazolium,tetrafluoroborate,1.0583333333333333,950.0,1.4605263157894737,imidazolium,tetrafluoroborate
1-Methyl-3-octylimidazolium tricyanomethanide,,,,<RT,,C16H23N5,25.0,25.0,25.0,1-Methyl-3-octylimidazolium,tricyanomethanide,,,,imidazolium,tricyanomethanide
1-Methyl-3-pentylimidazolium bis(trifluoromethylsulfonyl)imide,3.28,,,<RT,59.3,C11H17F6N3O4S2,30.0,25.0,25.0,1-Methyl-3-pentylimidazolium,bis(trifluoromethylsulfonyl)imide,2.733333333333333,59.3,,imidazolium,imid
1-Methyl-3-pentylimidazolium bromide,,,,<RT,,C9H17BrN2,25.0,25.0,25.0,1-Methyl-3-pentylimidazolium,bromide,,,,imidazolium,bromide
1-Methyl-3-pentylimidazolium hexafluorophosphate,,,,<RT,,C9H17F6N2P,25.0,25.0,25.0,1-Methyl-3-pentylimidazolium,hexafluorophosphate,,,,imidazolium,phosph
1-Methyl-3-pentylimidazolium tetrafluoroborate,,,,<RT,,C9H17BF4N2,25.0,25.0,25.0,1-Methyl-3-pentylimidazolium,tetrafluoroborate,,,,imidazolium,tetrafluoroborate
1-Methyl-3-propylimidazolium bis(trifluoromethylsulfonyl)imide,4.4,4.9,1.48,<RT,43.8,C9H13F6N3O4S2,20.0,18.0,25.0,1-Methyl-3-propylimidazolium,bis(trifluoromethylsulfonyl)imide,5.500000000000001,43.8,2.055555555555556,imidazolium,imid
1-Methyl-3-propylimidazolium bromide,,,,28,,C7H13BrN2,25.0,25.0,25.0,1-Methyl-3-propylimidazolium,bromide,,,,imidazolium,bromide
1-Methyl-3-propylimidazolium chloride,,,,60,,C7H13ClN2,25.0,25.0,25.0,1-Methyl-3-propylimidazolium,chloride,,,,imidazolium,chloride
1-Methyl-3-propylimidazolium hexafluorophosphate,,,,41,,C7H13F6N2P,25.0,25.0,25.0,1-Methyl-3-propylimidazolium,hexafluorophosphate,,,,imidazolium,phosph
1-Methyl-3-propylimidazolium tetrafluoroborate,,,1.27,<RT,74.4,C7H13BF4N2,25.0,20.0,25.0,1-Methyl-3-propylimidazolium,tetrafluoroborate,,74.4,1.5875,imidazolium,tetrafluoroborate
1-Methyl-3-propylimidazolium triflate,,,,<RT,,C8H13F3N2O3S,25.0,25.0,25.0,1-Methyl-3-propylimidazolium,triflate,,,,imidazolium,triflate
1-Methyl-3-tetradecylimidazolium bis(trifluoromethylsulfonyl)imide,,,,38,,C20H35F6N3O4S2,25.0,25.0,25.0,1-Methyl-3-tetradecylimidazolium,bis(trifluoromethylsulfonyl)imide,,,,imidazolium,imid
"1-Methyl-3-tetradecylimidazolium chloride >98%
",,,,>RT,,C18H35ClN2,25.0,25.0,25.0,1-Methyl-3-tetradecylimidazolium,chloride,,,,imidazolium,chloride
1-Methyl-3-tetradecylimidazolium hexafluorophosphate,,,,69,,C18H35F6N2P,25.0,25.0,25.0,1-Methyl-3-tetradecylimidazolium,hexafluorophosphate,,,,imidazolium,phosph
1-Methyl-3-tetradecylimidazolium tetrafluoroborate,,,,37,,C18H35BF4N2,25.0,25.0,25.0,1-Methyl-3-tetradecylimidazolium,tetrafluoroborate,,,,imidazolium,tetrafluoroborate
1-Methylimidazolium  chloride,,,,>RT,,C4H7ClN2,25.0,25.0,25.0,1-Methylimidazolium,chloride,,,,imidazolium,chloride
1-Methylimidazolium  nitrate,,,,66,,C4H7N3O3,25.0,25.0,25.0,1-Methylimidazolium,nitrate,,,,imidazolium,nitrate
1-Methylimidazolium  triflate,,,,>RT,,C4H7F3N2O3S,25.0,25.0,25.0,1-Methylimidazolium,triflate,,,,imidazolium,triflate
1-Methylimidazolium bis(trifluoromethylsulfonyl)imide,,,,49,,C6H7F6N3O4S2,25.0,25.0,25.0,1-Methylimidazolium,bis(trifluoromethylsulfonyl)imide,,,,imidazolium,imid
1-Methylimidazolium bromide,,,,>RT,,C4H7BrN2,25.0,25.0,25.0,1-Methylimidazolium,bromide,,,,imidazolium,bromide
1-Propyl-2-methylpyridinium  bromide,,,,106,,C9H14BrN,25.0,25.0,25.0,1-Propyl-2-methylpyridinium,bromide,,,,pyridinium,bromide
1-Propyl-3-methylpyridinium  bromide,,,,152,,C9H14BrN,25.0,25.0,25.0,1-Propyl-3-methylpyridinium,bromide,,,,pyridinium,bromide
1-Propyl-3-methylpyridinium bis(trifluoromethylsulfonyl)imide,7.47,,1.45,<RT,53.4,C11H14F6N2O4S2,30.0,22.0,25.0,1-Propyl-3-methylpyridinium,bis(trifluoromethylsulfonyl)imide,6.225,53.400000000000006,1.6477272727272725,pyridinium,imid
1-Propyl-4-methylpyridinium  bromide,,,,55,,C9H14BrN,25.0,25.0,25.0,1-Propyl-4-methylpyridinium,bromide,,,,pyridinium,bromide
1-Propyl-4-methylpyridinium bis(trifluoromethylsulfonyl)imide,5.72,,1.45,<RT,51.0,C11H14F6N2O4S2,30.0,22.0,25.0,1-Propyl-4-methylpyridinium,bis(trifluoromethylsulfonyl)imide,4.766666666666667,51.0,1.6477272727272725,pyridinium,imid
1-Propylpyridinium bis(trifluoromethylsulfonyl)imide,,,,46,,C10H12F6N2O4S2,25.0,25.0,25.0,1-Propylpyridinium,bis(trifluoromethylsulfonyl)imide,,,,pyridinium,imid
1-Propylpyridinium bromide,,,,73,,C8H12BrN,25.0,25.0,25.0,1-Propylpyridinium,bromide,,,,pyridinium,bromide
1-Propylpyridinium hexafluorophosphate,,,,>RT,,C8H12F6NP,25.0,25.0,25.0,1-Propylpyridinium,hexafluorophosphate,,,,pyridinium,phosph
1-Propylpyridinium tetrafluoroborate,,,,<RT,,C8H12BF4N,25.0,25.0,25.0,1-Propylpyridinium,tetrafluoroborate,,,,pyridinium,tetrafluoroborate
1-Propylpyridinium triflate,,,,<RT,,C9H12F3NO3S,25.0,25.0,25.0,1-Propylpyridinium,triflate,,,,pyridinium,triflate
2-Hydroxyethylammonium formate,4.4,,1.2,<RT,188.0,C3H9NO3,25.0,25.0,25.0,2-Hydroxyethylammonium,formate,4.4,188.0,1.2,ammonium,formate
2-Methyl-1-propylpyridinium bis(trifluoromethylsulfonyl)imide,3.0,,,<RT,81.6,C11H14F6N2O4S2,30.0,25.0,25.0,2-Methyl-1-propylpyridinium,bis(trifluoromethylsulfonyl)imide,2.5,81.6,,pyridinium,imid
Butyltriethylammonium bis(trifluoromethylsulfonyl)imide,,,,<RT,,C12H24F6N2O4S2,25.0,25.0,25.0,Butyltriethylammonium,bis(trifluoromethylsulfonyl)imide,,,,ammonium,imid
"Butyltrimethylammonium 1,1,2,2-tetrafluoroethanesulfonate",,,,>RT,,C9H19F4NO3S,25.0,25.0,25.0,Butyltrimethylammonium,"1,1,2,2-tetrafluoroethanesulfonate",,,,ammonium,sulfonate
Butyltrimethylammonium bis(trifluoromethylsulfonyl)imide,2.86,6.1,1.4,<RT,99.5,C9H18F6N2O4S2,25.0,25.0,25.0,Butyltrimethylammonium,bis(trifluoromethylsulfonyl)imide,2.86,99.5,1.4,ammonium,imid
Choline acetate,,,,>RT,,C7H17NO3,25.0,25.0,25.0,Choline,acetate,,,,Choline,acetate
Choline bis(trifluoromethylsulfonyl)imide,3.98,,,35-37,49.5,C7H14F6N2O4S2,45.0,25.0,45.0,Choline,bis(trifluoromethylsulfonyl)imide,2.2111111111111112,27.500000000000004,,Choline,imid
Choline dihydrogen phosphate,,,,190,,C5H16F6NPO5,25.0,25.0,25.0,Choline,dihydrogen phosphate,,,,Choline,phosph
Diethylmethylammonium methanesulfonate,6.2,,1.12,<RT,111.0,C6H17NO3S,40.0,38.0,25.0,Diethylmethylammonium,methanesulfonate,3.875,111.00000000000001,0.736842105263158,ammonium,sulfonate
Diethylmethylammonium triflate,8.1,,,<RT,37.7,C6H14F3NO3S,30.0,25.0,25.0,Diethylmethylammonium,triflate,6.749999999999999,37.7,,ammonium,triflate
Diethylmethylsulfonium bis(trifluoromethylsulfonyl)imide,5.98,5.6,1.51,<RT,39.4,C7H13F6NO4S3,25.0,19.0,25.0,Diethylmethylsulfonium,bis(trifluoromethylsulfonyl)imide,5.98,39.4,1.986842105263158,sulfonium,imid
Dimethylammonium nitrate,,,,75,,C2H8N2O3,25.0,25.0,25.0,Dimethylammonium,nitrate,,,,ammonium,nitrate
Ethylammonium nitrate,25.4,,1.21,<RT,36.5,C2H9N2O3,25.0,25.0,25.0,Ethylammonium,nitrate,25.4,36.5,1.21,ammonium,nitrate
Ethyltributylphosphonium diethyl phosphate,0.27,4.4,1.01,<RT,481.0,C18H42O4P2,30.0,25.0,25.0,Ethyltributylphosphonium,diethyl phosphate,0.22500000000000003,480.99999999999994,1.01,phosphonium,phosph
Hexadecyltrimethylammonium bis(trifluoromethylsulfonyl)imide,,,,>RT,,C21H42F6N2O4S2,25.0,25.0,25.0,Hexadecyltrimethylammonium,bis(trifluoromethylsulfonyl)imide,,,,ammonium,imid
Methylammonium nitrate,,,,101,,CH6N2O3,25.0,25.0,25.0,Methylammonium,nitrate,,,,ammonium,nitrate
Methyltrioctylammonium bis(trifluoromethylsulfonyl)imide,0.09,4.7,1.15,<RT,530.0,C27H54F6N2O4S2,25.0,25.0,25.0,Methyltrioctylammonium,bis(trifluoromethylsulfonyl)imide,0.09,530.0,1.15,ammonium,imid
Methyltrioctylammonium triflate,,,,57,,C26H54F3NO3S,25.0,25.0,25.0,Methyltrioctylammonium,triflate,,,,ammonium,triflate
N-Ethyl-N-methyl-N-propylammonium perfluorobutanesulfonate,,,,>RT,,C10H16F9NO3S,25.0,25.0,25.0,N-Ethyl-N-methyl-N-propylammonium,perfluorobutanesulfonate,,,,ammonium,sulfonate
Octyltriethylammonium bis(trifluoromethylsulfonyl)imide,,,,<RT,,C16H32F6N2O4S2,25.0,25.0,25.0,Octyltriethylammonium,bis(trifluoromethylsulfonyl)imide,,,,ammonium,imid
Propylammonium nitrate,,,1.15,<RT,66.4,C3H10N2O3,25.0,25.0,25.0,Propylammonium,nitrate,,66.4,1.15,ammonium,nitrate
"Tetraethylammonium 1,1,2,2-tetrafluoroethanesulfonate",,,,>RT,,C10H21F4NO3S,25.0,25.0,25.0,Tetraethylammonium,"1,1,2,2-tetrafluoroethanesulfonate",,,,ammonium,sulfonate
Tetraethylammonium bis(trifluoromethylsulfonyl)imide,,,,>RT,,C10H20F6N2O4S2,25.0,25.0,25.0,Tetraethylammonium,bis(trifluoromethylsulfonyl)imide,,,,ammonium,imid
Tributylmethylammonium bis(fluorosulfonyl)imide,,,,<RT,,C13H30F2N2O4S2,25.0,25.0,25.0,Tributylmethylammonium,bis(fluorosulfonyl)imide,,,,ammonium,imid
Tributylmethylammonium bis(trifluoromethylsulfonyl)imide,0.48,6.2,1.26,<RT,522.0,C15H30F6N2O4S2,30.0,23.0,25.0,Tributylmethylammonium,bis(trifluoromethylsulfonyl)imide,0.4,522.0,1.3695652173913042,ammonium,imid
Tributylmethylphosphonium bis(trifluoromethylsulfonyl)imide,,,,16,,C15H30F6NO4PS2,25.0,25.0,25.0,Tributylmethylphosphonium,bis(trifluoromethylsulfonyl)imide,,,,phosphonium,imid
Tributylmethylphosphonium methylsulfate,,,1.0662,34,409.3,C14H33O4PS,25.0,25.0,25.0,Tributylmethylphosphonium,methyl sulfate,,409.3,1.0662,phosphonium,sulfate
Tributyltetradecylphosphonium dodecylbenzenesulfonate,4.89,,,<RT,3621.0,C44H85O3PS,30.0,25.0,25.0,Tributyltetradecylphosphonium,dodecylbenzenesulfonate,4.074999999999999,3621.0,,phosphonium,sulfonate
Triethylsulfonium bis(trifluoromethylsulfonyl)imide,5.12,4.5,1.46,<RT,31.5,C8H15F6NO4S3,25.0,25.0,25.0,Triethylsulfonium,bis(trifluoromethylsulfonyl)imide,5.12,31.5,1.46,sulfonium,imid
"Trihexyltetradecylphosphonium bis(2,4,4-Trimethylpentyl)phosphinate",0.01,,0.89,<RT,1198.0,C48H102O2P2,30.0,25.0,25.0,Trihexyltetradecylphosphonium,"bis(2,4,4-Trimethylpentyl)phosphinate",0.008333333333333333,1198.0,0.89,phosphonium,phosph
Trihexyltetradecylphosphonium bis(2-ethylhexyl)phosphate,0.002,,0.91,<RT,1120.0,C48H102O4P2,30.0,23.0,25.0,Trihexyltetradecylphosphonium,bis(2-ethylhexyl)phosphate,0.0016666666666666668,1120.0,0.9891304347826088,phosphonium,phosph
Trihexyltetradecylphosphonium bis(trifluoromethylsulfonyl)imide,0.14,4.4,1.07,-72,304.0,C34H68F6NO4PS2,30.0,25.0,25.0,Trihexyltetradecylphosphonium,bis(trifluoromethylsulfonyl)imide,0.11666666666666668,304.0,1.07,phosphonium,imid
Trihexyltetradecylphosphonium bromide,,,,<RT,,C32H68F3PBr,25.0,25.0,25.0,Trihexyltetradecylphosphonium,bromide,,,,phosphonium,bromide
Trihexyltetradecylphosphonium chloride,4.63,3.8,0.88,<RT,1631.0,C32H68PCl,25.0,25.0,25.0,Trihexyltetradecylphosphonium,chloride,4.63,1630.9999999999998,0.88,phosphonium,chloride
Trihexyltetradecylphosphonium decanoate,0.04,,0.89,~RT,319.0,C42H97PO2??,30.0,25.0,25.0,Trihexyltetradecylphosphonium,decanoate,0.03333333333333333,319.0,0.89,phosphonium,decanoate
Trihexyltetradecylphosphonium dicyanamide,0.16,3.2,0.9,<RT,361.0,C34H68PN3,24.0,28.0,25.0,Trihexyltetradecylphosphonium,dicyanamide,0.16666666666666669,361.0,0.8035714285714287,phosphonium,dicyanamide
Trihexyltetradecylphosphonium hexafluorophosphate,,,,40-45,,C32H68F6P2,25.0,25.0,25.0,Trihexyltetradecylphosphonium,hexafluorophosphate,,,,phosphonium,phosph
Trihexyltetradecylphosphonium tricyanomethanide,,,,<RT,,C36H68N3P,25.0,25.0,25.0,Trihexyltetradecylphosphonium,tricyanomethanide,,,,phosphonium,tricyanomethanide
Triisobutylmethylphosphonium tosylate,0.04,4.1,1.07,<RT,4003.0,C20H37O3PS,25.0,25.0,25.0,Triisobutylmethylphosphonium,tosylate,0.04,4003.0,1.07,phosphonium,tosylate
Trimethylsulfonium bis(trifluoromethylsulfonyl)imid,,,,45,,C5H9F6NO4S3,25.0,25.0,25.0,Trimethylsulfonium,bis(trifluoromethylsulfonyl)imide,,,,sulfonium,imid
